{"cameraMode":{"drawMode":0,"name":"Shaded","section":"Shading Mode"},"sceneLighting":true,"audioPlay":false,"sceneViewState":{"showFog":true,"showMaterialUpdate":false,"showSkybox":true,"showFlares":true,"showImageEffects":true,"showParticleSystems":true},"in2DMode":false,"pivot":{"x":4.76837158203125e-7,"y":0.22500000894069673,"z":-9.5367431640625e-7},"rotation":{"x":0.7102816700935364,"y":-8.111980531744223e-10,"z":9.217065999322926e-10,"w":0.7039178013801575},"size":7.07853364944458,"orthographic":false}